manifest	f6966d66775ba91cfbb3ea9ea4a73f3f8a82f52e536aa6a4535c237005625975	-
	.env.example	100644	78bd226a7429a2ad3e12fa7a05cbeec5146b50270456e5324e2ae8ff029d166b
	docker-compose.yml	100644	600a8f6f4b8c368803c87de8863ba43e7b26e777608733f81588e128621d35ff
	migrations/001_create_schema.sql	100644	880d4679ec0a68ddf964dc2b89d0b2b37be670451c8b40bd855406721c1d0b41
	package.json	100644	f2b1332030ceb4cfabf9cdbbd42a7982060b55f500a3ad13026cb805763db6b4
	postcss.config.js	100644	190c877db466995bf1482f4a16abd06e04a89ede3119341e2a86ff96e1737b27
	src/app.ts	100644	c20f4aa5c4fb3d4dc6c17f842334cae6fb8b2fd65032ac1a647b11bc788cb573
	src/config/database.ts	100644	98a1e4486b94432246c6244dabeb354acf5c1703ba3ccbf55fcefcca731cf5e9
	src/db/migrate.ts	100644	bf93dc146a46bf5abbdd80682c358077d9c673b45632b0495e3333b8d4bf9d1e
	src/middleware/errorHandler.ts	100644	3b5772f90203d74cff994dded15d7406d0842add38902ec18334803bd04b3255
	src/server.ts	100644	59b0929f32f54fc4aa78a745f3eb8c7ff44fa96098275cb54f6dae3b54bd3cc1
	src/styles/theme.css	100644	284d8955bf81480222555510271d4ca89a0fb07c7f082ec6898e8c8de6c5c3ff
	src/utils/errors.ts	100644	ae6636f4e4d5b421e21e58b8cf24dfe8142ee853f26f6de33087993fae168007
	src/utils/logger.ts	100644	1535ef15db3e008f1ef246cf7befaa9008228965fc41064b4855bc5c537d1905
	src/utils/transaction.ts	100644	319a737fb71ec1e1bbcc2759cf78a8910fb55bdfc8d8364ae11b2e1120cfa18d
	tailwind.config.js	100644	f51d574758c06ce6bc391aa0f57c5128f96bbee4d5a7ec70d4837a123ba4c973
	tests/api/health.test.ts	100644	0e65698a727d6a36d618080de1ffaac80525b92e4b9a1f3dbd995f490b929586
	tests/config/database.test.ts	100644	584a291a92fb8c9f51480d3c0ea429e916590674174d2a65f69bd99a5eab48ad
	tests/db/migrate.test.ts	100644	1b1219c0c6b33a5df0ce307a21c51acfeb2f9285bd17bc41089d3bab2997050c
	tests/middleware/errorHandler.test.ts	100644	4ec44deff78a10cf1d6037749bf1040bd1bb00ad81decbfd663a02951713bac7
	tests/utils/errors.test.ts	100644	88a835e601f4f9eadc4fb617263c69be3e875c8ecce1cb7b8f63f23d20263305
	tests/utils/transaction.test.ts	100644	da9eefb32e636e89e4d6f5691f7896ab2c8761ef0025c0fb1d5ccaf411f92da3
	tsconfig.json	100644	ceee96d5544a8fa62aa3586cbf73427709b7ba7c69b8885dab8b078d1a7bda98
	vitest.config.ts	100644	d5a937445035c33dfa9fcb7a52deeb8d09f0fc29f1288c26be55a54e18e15f13
