manifest	9765bf1eea48b8c2b739ec225714cadc00ab8b15394043c231c4e76210cf3786	-
	migrations/002_employee_directory_enhancements.sql	100644	b0542c2beebb5c81faf80f83d8cf6f62fc63ffdb803cf5417cf8f43381f361be
	package.json	100644	312f91a0f44d8f1a1a7708c5571fd7f454c2d95352a98784d0b918228a121aba
	src/app.ts	100644	b376f0148d5f262c4857869d9df619216f53a5dad55be066646a0e56751e5334
	src/client/app.js	100644	1e3ad4a0259c478c64e996a226770fec21f72a70902ae2e92914b0da71236d61
	src/client/index.html	100644	98c59f97662ee9a9394cb18ae9826074952cb7a506ba2cdeaa5146f60f4cb5e1
	src/client/style.css	100644	85c5fd3d6ed2750f2c2778b2ea4aa99eac6a59493e25bc3521e0d5c6efe6a3dc
	src/controllers/employeeController.ts	100644	85828983edfd7fb6c50ba683163e5cfc9ebfa2a9bed49dd0f367b49028f4fc8c
	src/repositories/employeeRepository.ts	100644	a5e148ef617f214ad9e1f4d234c1b10c438879b9c59681fd267996d3dbbf9135
	src/routes/employeeRoutes.ts	100644	6619eb0f5a5095255181f68df99c6983fe525f57e38992819c14a5e885527896
	src/services/employeeService.ts	100644	5f5c6e1fb831f2f0039538af98d9961709c3cfceec965aad1a3758de27ebaabf
	src/types/employee.ts	100644	7534af73a02031f5d290c298e112a050810230fe2f2b2d6390b3b100f820a786
	src/validators/employeeValidator.ts	100644	c6cbecc8a640adcfc2164214a6cec7c4fc11599c0668c3fdce2559fdc1a89fd2
	tests/api/employeeRoutes.test.ts	100644	e80af986ba60148800979a784df15ad9d2dd519f9eaeb3516072e7446dacc5d8
	tests/repositories/employeeRepository.test.ts	100644	d113711aa8083764bcfd3ef887e41a5adff3a39c052f8d92a4b4ee49cc10bc74
	tests/services/employeeService.test.ts	100644	960caf72b6fa8e3753039d157f329d669af7602d099de2b6b816ea8fe8023800
	tests/validators/employeeValidator.test.ts	100644	d219bdb57d58ea8cc3f0609bfce0b4e0ab7e7c983f7dba9abecc52bcc98078e7
	vitest.config.ts	100644	e71647fbdd61f78ed654ddf2e4dab169fc8478463634a0aad260dc1b5aa60f43
