manifest	5a7400d9d19f385a50986c7cf4e2a4b7b36f064847a98f5ed000d7d58e7b3d9c	-
	migrations/002_employee_directory_enhancements.sql	100644	ecf48fac5996e791abb40c937645b92f768d26e47428d807eec18cdb912dabff
	package.json	100644	312f91a0f44d8f1a1a7708c5571fd7f454c2d95352a98784d0b918228a121aba
	src/app.ts	100644	b376f0148d5f262c4857869d9df619216f53a5dad55be066646a0e56751e5334
	src/client/app.js	100644	99eeb21b7616487abb8055d7f5a56b6aafb50477a8a0bedd3dbfb44d9ad9064c
	src/client/index.html	100644	720e3876016cd5cc4bf3576b3d585f35bd940dc6bbb1076dfd61bbbcccd5c3da
	src/client/style.css	100644	599e7e0845e4f391cc78abba8bba1ca575fb65baeb8330662e4415e82b6e6827
	src/controllers/employeeController.ts	100644	85828983edfd7fb6c50ba683163e5cfc9ebfa2a9bed49dd0f367b49028f4fc8c
	src/repositories/employeeRepository.ts	100644	a48e0f6dd977ac3904a5613745044f2edeaa9e0d9b7326358da694a031544848
	src/routes/employeeRoutes.ts	100644	6619eb0f5a5095255181f68df99c6983fe525f57e38992819c14a5e885527896
	src/services/employeeService.ts	100644	5f5c6e1fb831f2f0039538af98d9961709c3cfceec965aad1a3758de27ebaabf
	src/types/employee.ts	100644	a576b3c4499198e22cd269da2d551ee5592f46f0c850179324edaf976c33e704
	src/validators/employeeValidator.ts	100644	85b937dd5d102f8add2855c9a7b4b9e952aa24b50248df7bda3dd1f2edf19910
	tests/api/employeeRoutes.test.ts	100644	e80af986ba60148800979a784df15ad9d2dd519f9eaeb3516072e7446dacc5d8
	tests/repositories/employeeRepository.test.ts	100644	258fc90207900bd3fd701e7291f159ff3fcfc221a4e168e216218931d5d432ce
	tests/services/employeeService.test.ts	100644	6a7d25464b791038bf8188e81c23f969984918a3d51be5cf5ef03da06e8ade0a
	tests/validators/employeeValidator.test.ts	100644	cae68648deef69d8caff90e02f7c91d78762317c20c67f07338aa8cceaad1723
	vitest.config.ts	100644	e71647fbdd61f78ed654ddf2e4dab169fc8478463634a0aad260dc1b5aa60f43
